RUNID,EVENTID,START,EVENTMJD,ENERGY,FAR,SIGNAL
118178,17334444,"2011-05-14 01:32:22.654,109,242,3 UTC",55695.064151089224,194.4,1.15,0.531
118309,46569873,"2011-06-10 10:13:33.147,086,554,1 UTC",55722.42607809128,316.7,0.24,0.766
118342,24578488,"2011-06-16 17:30:53.939,961,956,9 UTC",55728.72979097178,112.0,3.99,0.274
118435,58198553,"2011-07-14 02:42:41.855,488,038,0 UTC",55756.11298443852,29.4,12.93,0.098
118475,52691508,"2011-07-26 12:15:33.258,167,135,1 UTC",55768.51080159916,165.9,1.66,0.417
118539,54350726,"2011-08-07 23:30:46.455,764,964,3 UTC",55780.979704349134,111.4,4.04,0.282
118576,45696357,"2011-08-18 16:31:38.773,427,858,2 UTC",55791.68864321097,132.7,2.53,0.356
118631,36844560,"2011-09-02 02:12:46.331,046,471,9 UTC",55806.09220290563,260.1,0.67,0.63
118660,61529737,"2011-09-07 19:04:14.783,520,256,3 UTC",55811.79461555,193.4,1.06,0.527
118738,995844,"2011-09-29 06:15:04.217,922,839,6 UTC",55833.26046548522,163.9,0.15,0.537
118741,43101116,"2011-09-30 10:40:59.790,881,126,9 UTC",55834.44513646853,166.0,1.36,0.449
118778,61465314,"2011-10-12 20:48:17.616,683,650,2 UTC",55846.86687056347,122.8,0.5,0.451
118973,22324184,"2011-11-20 23:03:53.883,437,501,7 UTC",55885.96104031756,165.2,1.45,0.441
119097,49522606,"2011-12-08 17:15:15.376,889,802,2 UTC",55903.71892797326,132.1,0.3,0.46
119101,32538906,"2011-12-09 10:57:56.297,881,119,1 UTC",55904.45690159585,111.2,2.35,0.353
119125,14422170,"2011-12-13 09:32:43.337,841,564,8 UTC",55908.39772381761,170.2,1.67,0.433
119136,66932419,"2011-12-16 06:38:39.885,890,474,6 UTC",55911.27685053114,953.7,0.15,0.95
119146,28561103,"2011-12-18 08:03:00.974,065,080,9 UTC",55913.33542794057,163.2,1.64,0.418
119739,41603205,"2012-03-01 19:21:57.308,024,406,4 UTC",55987.80691328732,455.5,0.53,0.836
120027,12133428,"2012-04-26 09:58:04.228,482,525,2 UTC",56043.41532671855,112.6,3.92,0.291
120045,22615214,"2012-05-01 13:41:24.365,466,372,3 UTC",56048.5704208966,64.4,942.9,0.0
120157,59255331,"2012-05-15 23:00:59.271,299,403,4 UTC",56062.95901934374,201.6,0.58,0.633
120185,63879322,"2012-05-23 13:46:57.999,757,813,3 UTC",56070.5742824046,165.9,0.86,0.517
120186,1306178,"2012-05-23 15:19:39.523,361,259,3 UTC",56070.63865189075,174.2,1.15,0.512
120205,73761892,"2012-05-29 13:01:50.621,557,105,1 UTC",56076.54294700876,135.9,1.42,0.436
120244,21476686,"2012-06-01 07:20:01.379,962,045,9 UTC",56079.30557152734,147.7,1.7,0.418
120260,65493286,"2012-06-05 15:42:33.896,457,780,8 UTC",56083.65455898678,110.1,1.18,0.402
120535,24248640,"2012-08-07 04:58:18.469,606,676,9 UTC",56146.20715821304,394.9,0.35,0.762
120680,12284754,"2012-09-16 07:19:39.340,442,204,4 UTC",56186.3053164403,180.4,1.46,0.463
120708,53550535,"2012-09-22 13:11:02.308,139,206,9 UTC",56192.54933227013,103.4,3.11,0.314
120798,20915945,"2012-10-11 18:30:10.362,411,902,0 UTC",56211.77095326866,508.1,0.2,0.856
120860,64513030,"2012-10-26 14:23:17.473,385,322,7 UTC",56226.59950779381,1025.3,0.15,0.93
120884,64276946,"2012-11-03 12:10:50.790,571,539,3 UTC",56234.50753229828,115.4,3.63,0.294
120935,29325450,"2012-11-15 07:55:43.250,810,538,8 UTC",56246.3303616992,125.1,2.59,0.336
121761,41853263,"2013-01-25 06:22:37.542,926,349,8 UTC",56317.26571230239,171.5,0.24,0.547
121762,56963417,"2013-01-25 15:48:58.165,501,851,4 UTC",56317.65900654516,120.4,3.19,0.326
121769,40349510,"2013-01-27 06:43:11.019,171,498,5 UTC",56319.27998864782,249.8,0.57,0.631
122055,5809789,"2013-03-16 17:39:49.756,993,975,6 UTC",56367.7359925578,108.1,0.62,0.393
122060,56194427,"2013-03-18 06:49:44.063,568,519,5 UTC",56369.284537772786,109.1,2.44,0.345
122152,30701331,"2013-04-08 04:31:50.097,918,236,3 UTC",56390.18877428146,34.6,19.82,0.098
122154,6905361,"2013-04-08 18:12:01.814,422,258,6 UTC",56390.75835433359,169.2,1.7,0.419
122160,52726834,"2013-04-09 23:34:38.727,742,699,4 UTC",56391.98239268221,121.3,1.35,0.429
122316,49995489,"2013-05-08 15:23:19.458,615,584,9 UTC",56420.64119743768,150.8,1.05,0.471
122318,21601607,"2013-05-09 04:27:35.818,504,762,8 UTC",56421.185831232695,108.1,4.45,0.264
122361,46565711,"2013-05-19 11:35:18.569,648,402,3 UTC",56431.482853815374,113.4,1.95,0.383
122469,31925079,"2013-05-31 13:21:58.315,646,463,2 UTC",56443.55692494961,153.7,2.36,0.371
122604,17469985,"2013-06-27 02:38:57.792,023,133,2 UTC",56470.11039111138,911.1,0.19,0.945
122605,60656774,"2013-06-27 10:13:17.887,813,420,6 UTC",56470.42590147932,131.8,3.23,0.327
122663,58987459,"2013-07-11 12:42:57.619,644,596,5 UTC",56484.5298335607,171.1,1.55,0.451
122768,38570780,"2013-07-31 01:44:12.780,217,729,5 UTC",56504.07237014141,131.7,2.87,0.336
122772,38615684,"2013-08-01 06:09:01.590,266,386,0 UTC",56505.25626840586,113.0,3.2,0.298
122793,12516001,"2013-08-04 19:33:03.083,424,477,1 UTC",56508.81461902112,117.8,2.16,0.346
122818,16944987,"2013-08-08 08:09:00.253,298,357,7 UTC",56512.33958626503,114.4,2.86,0.312
122895,69011827,"2013-08-22 09:48:20.016,609,815,7 UTC",56526.408565007056,122.0,3.36,0.318
123107,8144529,"2013-10-14 21:49:15.813,332,438,9 UTC",56579.909210802456,315.2,0.64,0.686
123145,34573112,"2013-10-23 13:24:14.912,116,943,4 UTC",56588.55850592728,115.9,2.19,0.336
123228,40504010,"2013-11-08 13:15:45.648,572,327,5 UTC",56604.552611673294,159.2,0.18,0.523
123240,49730417,"2013-11-12 00:44:59.433,339,541,5 UTC",56608.03124344143,7526.3,0.19,0.272
123281,52248792,"2013-11-24 03:28:52.708,420,984,6 UTC",56620.14505449561,186.8,0.87,0.575
123334,75182550,"2013-12-04 11:16:54.259,679,881,5 UTC",56630.47007245,270.3,221.67,0.004
123620,47444787,"2014-01-01 09:41:33.818,883,103,5 UTC",56658.40386364448,212.4,0.81,0.583
123662,27529428,"2014-01-03 21:15:30.083,436,294,9 UTC",56660.88576485459,134.7,0.38,0.44
123751,34239163,"2014-01-08 07:23:22.303,219,405,1 UTC",56665.307897028004,169.6,1.69,0.428
123762,72626160,"2014-01-09 12:04:18.007,790,902,7 UTC",56666.50298620128,989.2,0.15,0.934
123867,11659459,"2014-01-14 21:04:09.509,642,075,2 UTC",56671.87788784308,22.1,55.01,0.046
123986,63557286,"2014-01-22 03:32:21.706,431,102,5 UTC",56679.14747345406,141.0,0.31,0.477
123986,77999595,"2014-01-22 04:54:27.057,609,036,3 UTC",56679.20447983344,689.2,125.17,0.001
124136,15174527,"2014-02-03 18:50:35.536,592,675,9 UTC",56691.78513352538,701.4,524.4,0.002
124221,76481548,"2014-02-13 19:25:05.051,920,973,6 UTC",56701.809086249086,150.4,1.65,0.416
124296,49827757,"2014-02-23 22:05:00.411,978,673,9 UTC",56711.92014365716,128.4,1.15,0.447
124340,19400842,"2014-03-07 22:04:49.326,271,328,5 UTC",56723.92001535036,112.3,1.06,0.413
124463,35466777,"2014-03-24 02:08:34.335,530,710,8 UTC",56740.089286290866,112.3,0.69,0.422
124547,66087371,"2014-04-10 02:22:12.572,672,723,9 UTC",56757.098756628155,262.7,0.16,0.634
124569,22040903,"2014-04-11 13:36:08.553,787,321,9 UTC",56758.56676566884,162.1,1.36,0.478
124643,5182926,"2014-04-20 20:37:28.282,834,038,5 UTC",56767.859355125394,168.9,1.2,0.512
124693,33063779,"2014-05-03 22:58:06.198,869,114,5 UTC",56780.957016190616,112.4,0.63,0.421
124829,42577032,"2014-06-03 03:25:09.109,684,622,9 UTC",56811.14246654727,158.4,1.91,0.397
124852,74171655,"2014-06-09 15:16:24.429,518,210,5 UTC",56817.636393860164,482.6,0.27,0.83
124861,32863663,"2014-06-11 04:54:24.352,873,546,4 UTC",56819.20444852863,6419.8,0.15,0.997
124994,15096469,"2014-07-04 07:08:47.794,286,789,4 UTC",56842.29777539684,157.5,0.27,0.52
125001,73159253,"2014-07-05 16:02:55.079,830,254,5 UTC",56843.668693053594,225.1,0.79,0.583
125011,43302321,"2014-07-07 11:59:43.249,272,994,0 UTC",56845.499806125845,172.9,1.19,0.5
125046,64570437,"2014-07-13 13:21:28.376,926,451,3 UTC",56851.55657843665,143.9,1.78,0.415
125071,31397276,"2014-07-21 18:12:43.206,053,521,9 UTC",56859.7588334034,188.2,351.22,0.001
125205,19617837,"2014-08-20 09:04:23.255,702,387,2 UTC",56889.378046941,111.7,4.02,0.284
125338,65606123,"2014-09-23 17:18:23.254,828,185,1 UTC",56923.72110248644,176.3,1.54,0.464
125349,12316485,"2014-09-27 03:51:37.115,263,852,0 UTC",56927.16084624148,188.7,1.3,0.506
125422,26630854,"2014-10-12 18:01:14.945,449,571,6 UTC",56942.75086742418,179.6,1.48,0.461
125544,54236696,"2014-11-10 07:07:19.873,430,198,2 UTC",56971.296757794335,117.4,3.4,0.304
125558,19184163,"2014-11-14 06:09:53.743,831,739,3 UTC",56975.25687203509,113.9,1.71,0.399
125693,21174828,"2014-12-08 16:02:29.697,036,749,9 UTC",56999.66839927126,112.9,2.38,0.35
125709,6405911,"2014-12-10 20:20:47.527,766,263,7 UTC",57001.84777231211,159.5,2.06,0.392
125757,12938244,"2014-12-21 09:50:45.605,381,258,6 UTC",57012.41025006228,144.2,2.43,0.369
125796,16042897,"2015-01-02 19:06:36.876,661,192,8 UTC",57024.79626014654,135.3,3.07,0.335
125800,83097666,"2015-01-04 09:34:31.074,301,169,7 UTC",57026.398970767375,143.4,1.07,0.468
125929,11025256,"2015-01-18 12:13:36.885,319,494,7 UTC",57040.5094546912,162.2,1.92,0.393
125934,55750717,"2015-01-19 08:50:58.363,915,474,5 UTC",57041.368731063834,150.5,2.42,0.367
125940,7449833,"2015-01-20 23:37:54.917,624,140,1 UTC",57042.98466339843,117.8,2.18,0.354
125968,61389842,"2015-01-27 11:33:00.140,709,993,8 UTC",57049.48125162859,315.5,0.43,0.682
125973,80686964,"2015-01-29 05:27:30.695,663,401,0 UTC",57051.22743860722,141.3,2.58,0.355
126082,40384770,"2015-02-24 23:59:26.635,410,856,2 UTC",57077.999613835775,108.9,0.55,0.395
126148,74589372,"2015-03-13 07:41:37.870,059,004,2 UTC",57094.32057719976,110.4,3.43,0.307
126308,20883844,"2015-04-28 14:10:43.746,000,183,3 UTC",57140.59078409722,112.5,2.39,0.34
126370,61611641,"2015-05-15 22:35:50.906,211,072,9 UTC",57157.94156141448,422.7,0.5,0.786
126405,50771014,"2015-05-26 00:24:27.042,891,484,9 UTC",57168.016979663094,111.6,3.81,0.298
126423,50123696,"2015-06-01 00:26:11.855,960,514,6 UTC",57174.01819277732,109.3,3.19,0.286
126456,1581608,"2015-06-09 00:38:11.482,894,862,8 UTC",57182.026521792766,127.3,3.14,0.329
126456,35956042,"2015-06-09 04:19:25.308,069,617,8 UTC",57182.18015402858,123.6,3.29,0.322
126514,73786337,"2015-06-25 15:21:31.300,386,537,0 UTC",57198.63994560632,115.4,3.66,0.303
126515,20091930,"2015-06-25 17:33:30.830,767,791,0 UTC",57198.73160683759,159.6,1.4,0.481
126620,19175993,"2015-07-14 21:49:59.497,097,061,5 UTC",57217.909716401584,461.0,0.42,0.849
126717,29833358,"2015-08-12 07:37:34.478,866,445,5 UTC",57246.31776017207,134.5,1.07,0.457
126718,53509959,"2015-08-12 18:13:05.354,731,593,8 UTC",57246.75908975384,540.9,0.3,0.844
126769,62990844,"2015-08-23 14:56:32.404,915,579,2 UTC",57257.622597279114,143.1,2.4,0.369
126798,67205547,"2015-08-31 05:13:39.252,827,933,2 UTC",57265.21781542625,187.4,0.55,0.596
126812,38566267,"2015-09-04 18:13:54.694,688,446,8 UTC",57269.759660818156,325.6,0.48,0.763
126848,8902133,"2015-09-14 20:59:54.298,333,248,5 UTC",57279.87493400848,129.1,1.18,0.445
126860,17477746,"2015-09-18 13:05:49.606,747,902,5 UTC",57283.545713041065,108.3,3.72,0.295
126863,14025085,"2015-09-19 04:56:09.442,840,281,2 UTC",57284.20566484769,243.0,0.49,0.692
126878,30560694,"2015-09-23 00:38:34.723,763,534,8 UTC",57288.0267907843,152.8,2.51,0.364
126911,6416344,"2015-09-26 21:37:42.834,747,163,4 UTC",57291.90119021698,155.5,1.65,0.417
126976,9961785,"2015-10-13 02:59:09.282,165,075,9 UTC",57308.12441298802,161.9,0.19,0.532
126989,59479399,"2015-10-17 16:13:03.035,247,877,5 UTC",57312.67572957463,343.4,0.65,0.772
127112,69211097,"2015-11-14 20:57:49.022,482,583,3 UTC",57340.87348405651,1188.4,0.27,0.96
127154,9907321,"2015-11-22 12:45:31.067,754,912,2 UTC",57348.531609580496,272.1,0.46,0.659
127357,17650073,"2016-01-04 10:39:08.061,718,963,6 UTC",57391.44384330693,231.0,0.77,0.59
127495,54505431,"2016-01-28 04:24:10.787,820,832,0 UTC",57415.18345819237,625.8,294.59,0.003
127603,48070937,"2016-02-25 21:07:46.048,055,884,6 UTC",57443.880394074724,195.3,0.15,0.61
127650,18431575,"2016-03-07 16:43:11.247,718,771,5 UTC",57454.69665795971,109.4,2.82,0.297
127742,55820225,"2016-03-31 13:33:50.815,208,951,0 UTC",57478.56517147233,522.4,0.43,0.866
127790,45902607,"2016-04-10 17:37:41.041,108,382,4 UTC",57488.734502790605,141.3,2.06,0.385
127853,67093193,"2016-04-27 05:52:32.241,010,580,4 UTC",57505.24481760429,74.8,6.24,0.192
127910,25056152,"2016-05-10 15:56:05.517,623,352,3 UTC",57518.66395275027,173.4,1.61,0.442
128034,69069846,"2016-06-12 10:25:22.907,263,310,7 UTC",57551.43429290814,109.8,4.21,0.264
128065,17929326,"2016-06-14 12:37:43.353,524,802,5 UTC",57553.526196221355,115.3,0.77,0.429
128067,65335330,"2016-06-15 09:42:12.380,383,776,6 UTC",57554.40430995815,157.3,1.51,0.432
128209,54386016,"2016-07-07 04:01:52.756,417,580,3 UTC",57576.1679717178,113.8,3.81,0.295
128253,44251618,"2016-07-20 21:55:28.812,314,298,1 UTC",57589.913527920304,111.6,1.86,0.386
128278,49218472,"2016-07-27 08:15:33.434,618,536,2 UTC",57596.34413697475,108.4,2.66,0.314
128290,6888376,"2016-07-31 01:55:03.535,065,466,3 UTC",57600.07990202622,107.4,4.51,0.27
128292,15195696,"2016-07-31 18:50:13.555,234,873,3 UTC",57600.78487911152,127.1,1.93,0.404
128311,26552458,"2016-08-06 12:21:32.803,195,004,7 UTC",57606.51496299994,233.2,0.69,0.601
128334,9739548,"2016-08-12 16:25:10.852,722,546,2 UTC",57612.68415338799,166.3,0.15,0.546
128340,58537957,"2016-08-14 21:45:54.074,801,217,7 UTC",57614.90687586575,442.6,299.19,0.001
128547,14557367,"2016-09-24 17:47:08.158,133,761,9 UTC",57655.74106664507,198.6,1.1,0.532
128567,21044380,"2016-10-01 10:32:23.868,419,239,2 UTC",57662.43916514374,217.2,0.32,0.659
128606,54200591,"2016-10-12 14:42:06.646,628,563,8 UTC",57673.61257692857,809.9,0.9,0.252
128632,62194858,"2016-10-21 07:25:17.915,508,163,5 UTC",57682.309235133194,145.4,1.3,0.454
128651,44166050,"2016-10-27 13:40:21.218,826,605,6 UTC",57688.56969003272,161.2,1.97,0.395
128672,38561326,"2016-11-03 09:07:31.126,582,483,0 UTC",57695.380221372485,73.9,5.2,0.209
128755,32356079,"2016-11-17 07:58:04.213,432,981,8 UTC",57709.33199321103,197.2,1.13,0.528
128785,76992952,"2016-11-25 10:19:24.426,350,156,2 UTC",57717.4301438235,167.5,1.73,0.426
128796,26367207,"2016-11-27 15:57:14.402,641,516,1 UTC",57719.66475003057,149.3,0.32,0.477
128906,80127519,"2016-12-10 20:06:40.314,168,289,1 UTC",57732.83796659917,61.1,8.04,0.171
128967,17750653,"2016-12-24 12:53:48.201,660,262,5 UTC",57746.53736344514,149.5,1.73,0.441
129020,20626582,"2017-01-05 03:24:22.107,200,077,3 UTC",57758.14192253704,208.0,0.95,0.556
129144,66284903,"2017-02-06 13:10:32.441,185,185,6 UTC",57790.54898658779,145.2,0.88,0.482
129153,11436007,"2017-02-08 03:04:29.923,171,534,3 UTC",57792.12812411078,158.0,1.49,0.455
129154,45298080,"2017-02-08 14:17:08.109,663,651,7 UTC",57792.59523275074,143.6,2.85,0.347
129232,51118868,"2017-02-27 01:33:25.265,803,436,4 UTC",57811.064875761615,111.4,3.55,0.284
129267,34234803,"2017-03-08 22:11:49.334,925,440,8 UTC",57820.924876561636,110.6,3.98,0.269
129307,80305071,"2017-03-21 07:32:20.697,662,629,4 UTC",57833.31412844517,240.3,188.91,0.004
129420,59928529,"2017-04-22 15:29:49.188,642,179,0 UTC",57865.645708201875,167.4,1.7,0.413
129434,58903823,"2017-04-27 07:31:46.026,137,486,0 UTC",57870.31372715437,160.6,1.97,0.402
129506,21161807,"2017-05-14 04:11:27.697,179,860,7 UTC",57887.17462612477,112.8,2.37,0.357
129506,49650572,"2017-05-14 07:12:13.042,209,517,7 UTC",57887.3001509515,180.3,0.76,0.572
129550,51402681,"2017-05-27 01:40:16.773,943,351,2 UTC",57900.06963858731,133.2,1.2,0.441
129654,8332254,"2017-06-21 04:35:20.519,171,465,6 UTC",57925.19120971263,112.2,1.89,0.385
129677,55886338,"2017-06-26 12:27:48.911,702,167,3 UTC",57930.51931610766,213.1,0.91,0.567
129701,49353375,"2017-07-04 07:01:20.847,774,332,2 UTC",57938.29260240479,202.0,0.76,0.626
129777,67372962,"2017-07-17 19:37:25.741,942,350,4 UTC",57951.817659050255,568.2,0.27,0.873
129855,33565191,"2017-08-03 02:00:44.449,898,457,2 UTC",57968.08384779975,221.2,0.86,0.574
129878,40814378,"2017-08-09 14:19:45.950,548,223,0 UTC",57974.597059612825,240.1,0.61,0.62
129915,72252401,"2017-08-19 06:37:09.484,478,608,7 UTC",57984.2758042185,173.4,1.1,0.531
129933,32926212,"2017-08-24 13:17:24.069,387,498,1 UTC",57989.5537508031,182.1,1.09,0.511
130033,50579430,"2017-09-22 20:54:30.436,262,545,1 UTC",58018.87118560489,284.3,0.5,0.652
130034,7858514,"2017-09-23 00:30:40.352,771,216,4 UTC",58019.021300379296,215.4,0.78,0.586
130092,30964247,"2017-10-06 07:23:14.655,445,300,1 UTC",58032.3078085121,126.9,2.1,0.388
130126,56068624,"2017-10-15 01:34:30.065,615,123,1 UTC",58041.06562575943,28.9,25.54,0.006
130172,52824390,"2017-10-28 18:21:16.528,905,453,3 UTC",58054.76477464011,143.9,2.68,0.356
130214,17569642,"2017-11-06 18:39:39.214,416,858,6 UTC",58063.777537203896,1674.0,0.18,0.978
130561,84363835,"2018-01-17 18:03:10.563,721,161,2 UTC",58135.75220559863,69.3,9.31,0.153
130588,44934051,"2018-01-23 16:14:58.627,895,971,1 UTC",58141.6770674525,436.6,0.49,0.804
130597,55489144,"2018-01-25 23:25:03.522,657,344,3 UTC",58143.97573521594,113.4,1.97,0.382
130639,37366501,"2018-02-05 00:06:04.630,977,052,5 UTC",58154.00422026594,132.6,0.94,0.229
130684,80612787,"2018-02-13 09:04:03.910,795,928,8 UTC",58162.37782304162,116.0,3.58,0.297
130743,25740057,"2018-02-28 13:44:15.715,178,672,0 UTC",58177.57240411086,133.7,1.18,0.443
130797,67186364,"2018-03-13 16:17:09.350,761,624,6 UTC",58190.67858044863,167.7,1.69,0.416
130801,16289732,"2018-03-14 19:17:42.474,658,097,9 UTC",58191.803963827064,154.6,2.31,0.378
130807,3160265,"2018-03-16 05:49:26.002,924,527,5 UTC",58193.24266207089,162.7,1.86,0.411
130912,76035104,"2018-04-10 18:38:35.054,751,117,7 UTC",58218.77679461517,248.7,0.61,0.622
130932,35022693,"2018-04-17 06:41:03.494,152,258,0 UTC",58225.2785126638,213.8,0.72,0.598
131096,32665194,"2018-05-28 12:09:00.393,219,788,4 UTC",58266.506254551154,112.9,3.88,0.293
131134,60192271,"2018-06-08 14:19:31.856,250,296,8 UTC",58277.59689648438,164.8,1.78,0.417
131145,43542963,"2018-06-12 04:34:10.301,490,794,8 UTC",58281.190397007995,110.3,4.17,0.266
131165,9342044,"2018-06-13 23:34:35.937,879,225,8 UTC",58282.98236039212,161.4,1.44,0.437
131360,57649537,"2018-08-07 04:51:19.876,356,776,2 UTC",58337.20231338376,109.3,2.93,0.293
131475,34507973,"2018-09-08 19:59:31.847,987,856,1 UTC",58369.83300749986,102.3,4.6,0.264
131477,57977901,"2018-09-09 14:30:01.485,787,609,9 UTC",58370.60418386328,177.3,0.8,0.552
131519,27561842,"2018-09-19 01:33:47.241,951,888,4 UTC",58380.06513011518,153.8,0.99,0.498
131602,39194539,"2018-10-08 18:42:20.660,304,052,6 UTC",58399.779405790556,111.4,4.04,0.282
131624,12296708,"2018-10-14 11:52:19.071,653,414,2 UTC",58405.49466518118,22.1,1062.18,0.0
131653,53411354,"2018-10-23 16:37:32.652,155,769,5 UTC",58414.69273902958,252.9,46.43,0.019
131653,63430929,"2018-10-23 17:39:45.658,130,443,5 UTC",58414.73594511725,148.5,1.47,0.452
131746,47815348,"2018-11-14 22:40:17.600,323,247,4 UTC",58436.94464815189,154.9,1.55,0.462
131764,48222919,"2018-11-20 17:00:32.202,764,807,9 UTC",58442.70870605052,195.2,0.94,0.555
131767,7377802,"2018-11-20 22:38:51.013,745,170,3 UTC",58442.94364599242,180.1,0.15,0.599
131768,80926380,"2018-11-21 13:55:09.227,828,650,1 UTC",58443.57996791468,221.8,0.47,0.663
131913,38717715,"2018-12-12 02:02:43.856,602,777,1 UTC",58464.085229821794,201.5,555.71,0.001
132043,80110393,"2019-01-13 02:07:28.767,640,103,8 UTC",58496.08852740324,161.5,1.92,0.406
132077,9759013,"2019-01-24 03:43:54.792,182,808,2 UTC",58507.15549527989,170.1,148.31,0.002
132128,69441226,"2019-02-01 00:22:33.996,833,362,1 UTC",58515.01567125964,169.5,0.37,0.551
132206,36575563,"2019-02-14 16:08:39.389,780,364,3 UTC",58528.67267812246,368.2,0.29,0.757
132229,66688965,"2019-02-21 08:25:39.719,320,735,9 UTC",58535.3511541588,89.5,45.24,0.005
132237,23969090,"2019-02-23 20:24:04.100,207,943,9 UTC",58537.85004745611,173.7,1.05,0.533
132321,28454069,"2019-03-17 19:57:54.268,694,003,1 UTC",58559.831878109886,113.3,3.92,0.284
132427,70353420,"2019-04-10 10:28:19.612,115,782,2 UTC",58583.436338103194,108.5,2.7,0.297
132437,16335312,"2019-04-13 10:47:58.492,720,118,1 UTC",58586.44998255463,110.6,2.49,0.309
132437,67132865,"2019-04-13 15:57:01.512,104,770,3 UTC",58586.66460083455,122.5,1.8,0.404
132443,12627143,"2019-04-15 10:29:43.304,898,877,3 UTC",58588.437306769665,130.7,3.27,0.324
132465,3856549,"2019-04-22 05:59:42.071,572,791,9 UTC",58595.24979249506,176.5,1.07,0.536
132508,42419327,"2019-05-03 17:23:08.727,514,057,9 UTC",58606.72440656845,112.0,3.72,0.281
132518,766165,"2019-05-04 18:25:18.393,652,224,9 UTC",58607.7675740006,31.9,696.88,0.001
132577,42662743,"2019-05-15 10:48:52.825,458,989,0 UTC",58618.45061140577,506.5,0.41,0.847
132684,5635104,"2019-06-13 19:54:18.125,833,863,0 UTC",58647.82937645641,203.4,0.69,0.632
132707,54984442,"2019-06-19 13:14:18.048,381,918,4 UTC",58653.5515977822,209.3,0.91,0.565
132768,5390846,"2019-06-29 19:24:15.120,701,497,9 UTC",58663.808508341455,111.1,0.61,0.357
132792,60166398,"2019-07-04 18:48:52.254,137,215,6 UTC",58668.78393812659,160.9,0.92,0.505
132814,44222682,"2019-07-12 01:15:17.386,657,262,8 UTC",58676.05228456779,112.1,2.4,0.321
132910,57145925,"2019-07-30 20:50:41.311,032,730,0 UTC",58694.86853369251,322.0,0.65,0.692
132974,67924813,"2019-08-19 17:34:24.236,899,123,3 UTC",58714.73222496411,117.7,3.54,0.309
133091,81419,"2019-09-22 09:42:45.628,765,005,8 UTC",58748.404694777375,3126.7,65.69,0.003
133092,52499868,"2019-09-22 23:03:55.566,155,434,5 UTC",58748.961059793466,194.5,1.17,0.528
133119,22683750,"2019-10-01 20:09:18.174,021,455,5 UTC",58757.8397936808,231.4,0.82,0.608
133331,47828126,"2019-11-19 01:01:29.382,820,458,5 UTC",58806.042701190054,183.2,1.4,0.475
133348,80807014,"2019-11-22 22:45:10.495,756,414,5 UTC",58809.94803814533,138.5,2.77,0.349
133394,27261780,"2019-12-04 22:46:11.315,031,825,2 UTC",58821.94874207213,140.4,2.87,0.346
133433,29047901,"2019-12-15 11:09:57.632,291,309,6 UTC",58832.465250373745,143.0,0.29,0.493
133572,82361476,"2019-12-31 11:00:06.079,026,932,5 UTC",58848.45840369244,161.3,1.36,0.487
133609,37927131,"2020-01-09 23:41:39.938,424,222,2 UTC",58857.98726780584,396.8,0.6,0.784
133634,1410505,"2020-01-17 11:08:29.690,655,756,7 UTC",58865.464232530736,111.9,1.74,0.394
133945,24635982,"2020-04-10 23:19:55.489,386,479,6 UTC",58949.972170016044,113.5,2.34,0.323
133985,60770138,"2020-04-21 00:35:24.240,594,626,9 UTC",58960.024586117994,149.3,2.22,0.375
134013,16038252,"2020-04-25 23:26:46.349,615,565,3 UTC",58964.97692534277,145.4,0.42,0.497
134081,58268464,"2020-05-12 07:31:27.758,794,657,0 UTC",58981.31351572679,111.8,2.42,0.338
134116,58596690,"2020-05-23 02:30:07.595,120,664,6 UTC",58992.104254573154,108.4,4.39,0.265
134139,35473338,"2020-05-30 07:54:29.433,350,768,2 UTC",58999.32950733045,69.9,4.16,0.254
134187,72386329,"2020-06-14 12:41:21.419,061,412,3 UTC",59014.52872012802,127.8,1.19,0.444
134191,17593623,"2020-06-15 14:49:17.376,954,931,0 UTC",59015.617562233274,528.2,0.27,0.842
134207,33533447,"2020-06-20 03:03:32.281,902,431,9 UTC",59020.12745696646,127.8,1.92,0.36
134354,59221243,"2020-08-06 13:50:56.434,581,937,7 UTC",59067.57704206692,110.8,0.69,0.414
134482,27754576,"2020-09-11 14:19:46.231,447,366,5 UTC",59103.59706286398,114.3,0.84,0.424
134498,12605830,"2020-09-16 20:40:30.957,162,486,1 UTC",59108.861469411604,114.0,2.31,0.34
134512,71996695,"2020-09-21 19:07:12.893,393,617,1 UTC",59113.79667700687,125.6,1.37,0.427
134533,53384881,"2020-09-26 07:54:11.620,667,012,4 UTC",59118.329301165126,720.9,0.15,0.921
134535,41069485,"2020-09-26 22:35:29.229,021,045,2 UTC",59118.94131052108,130.9,1.11,0.452
134552,68615710,"2020-09-29 17:48:36.839,240,168,7 UTC",59121.74209304676,189.9,1.27,0.5
134577,31638233,"2020-10-07 22:01:49.286,503,698,7 UTC",59129.91793155675,800.5,0.24,0.909
134599,66310113,"2020-10-14 02:13:27.531,912,080,9 UTC",59136.0926797675,155.7,1.55,0.437
134621,31008065,"2020-10-21 06:37:47.483,149,611,9 UTC",59143.276244017936,108.6,2.63,0.314
134698,40735501,"2020-11-14 15:05:31.964,633,125,1 UTC",59167.62884218325,228.1,0.81,0.586
134699,70289682,"2020-11-15 02:07:26.213,474,545,3 UTC",59168.08849784114,184.2,1.39,0.485
134715,65785778,"2020-11-20 09:44:40.556,529,418,1 UTC",59173.40602495983,169.7,0.23,0.552
134751,31476488,"2020-11-30 20:21:46.475,580,493,6 UTC",59183.84845457848,193.8,91.58,0.008
134777,8912764,"2020-12-09 10:15:43.943,730,635,8 UTC",59192.42759194133,437.9,28.22,0.021
134817,29175858,"2020-12-21 12:36:53.454,901,528,3 UTC",59204.52561869099,188.4,0.15,0.595
134818,73718836,"2020-12-22 00:56:16.144,536,667,6 UTC",59205.03907574695,193.6,0.94,0.555
134979,17138286,"2021-02-10 11:53:55.646,044,881,1 UTC",59255.495782940336,309.7,0.43,0.676
135251,10024822,"2021-05-03 22:19:32.960,612,368,6 UTC",59337.93024259968,114.4,0.59,0.431
135270,69188496,"2021-05-10 04:50:10.738,869,251,3 UTC",59344.20151318136,121.0,3.55,0.307
135292,56063172,"2021-05-16 14:38:20.337,025,333,2 UTC",59350.60995760446,112.6,2.86,0.306
135363,69917294,"2021-06-08 03:41:00.975,068,912,5 UTC",59373.15348350774,108.5,2.63,0.333
135440,3139778,"2021-06-29 18:09:44.225,537,537,6 UTC",59394.75676186965,130.4,1.9,0.368
135504,28341937,"2021-07-17 15:44:59.100,570,370,9 UTC",59412.65623958994,155.0,0.19,0.515
135553,7213992,"2021-07-30 22:12:40.629,541,640,7 UTC",59425.92547024933,114.6,2.29,0.346
135591,36044887,"2021-08-11 02:02:44.037,543,270,4 UTC",59437.08523191601,238.0,0.66,0.685
135736,30987826,"2021-09-22 18:17:20.948,096,804,7 UTC",59479.76204801038,800.3,0.15,0.932
135832,55176071,"2021-10-23 08:31:18.317,772,582,9 UTC",59510.355073122366,132.9,2.75,0.347
135906,30719293,"2021-11-16 10:33:16.052,476,484,4 UTC",59534.439769125886,167.5,1.73,0.424
135908,43512334,"2021-11-17 03:50:57.183,986,444,2 UTC",59535.16038407392,202.9,1.01,0.549
135930,15193553,"2021-11-23 14:25:22.607,102,348,6 UTC",59541.60095610072,153.1,2.25,0.375
135936,74588253,"2021-11-25 06:22:21.556,349,819,5 UTC",59543.26552727257,123.9,1.85,0.403
136015,21306805,"2021-12-08 20:02:51.091,465,707,5 UTC",59556.83531355863,177.6,1.09,0.524
136055,348073,"2021-12-16 07:07:38.137,936,639,0 UTC",59564.29696918908,117.3,2.22,0.362
136057,6147475,"2021-12-16 23:41:13.939,514,538,0 UTC",59564.98696689253,116.2,2.26,0.365
136170,48281000,"2022-01-15 12:11:39.754,405,612,0 UTC",59594.50809900933,115.1,1.75,0.397
136241,22093816,"2022-02-02 11:48:38.589,041,817,6 UTC",59612.49211329909,74.7,5.69,0.225
136249,27650203,"2022-02-05 00:22:39.739,625,671,8 UTC",59615.015737727146,113.1,2.36,0.34
136260,4895987,"2022-02-05 20:08:10.595,192,030,5 UTC",59615.83901151842,229.8,0.61,0.618
136348,65788242,"2022-02-21 00:42:19.118,797,739,0 UTC",59631.02938794905,173.4,0.55,0.561
136366,14203460,"2022-02-25 14:12:00.684,265,491,3 UTC",59635.59167458641,159.5,2.03,0.397
136385,7450363,"2022-03-03 18:00:07.621,977,071,7 UTC",59641.750088217326,420.1,0.49,0.782
136388,4701751,"2022-03-04 17:44:12.213,316,628,6 UTC",59642.73903024672,283.6,0.48,0.652
136392,25495567,"2022-03-06 03:46:37.067,739,220,9 UTC",59644.15737346921,434.1,0.42,0.791
136441,11435033,"2022-03-17 02:32:17.682,850,103,7 UTC",59655.105760218175,143.0,1.76,0.386
136504,1833389,"2022-04-05 04:57:26.115,707,089,2 UTC",59674.20655226513,131.7,2.9,0.34
136506,15341152,"2022-04-05 22:20:03.412,949,008,4 UTC",59674.93059505728,109.7,1.87,0.382
136556,43687362,"2022-04-21 05:20:18.257,483,012,1 UTC",59690.22243353568,161.0,1.93,0.394
136565,2186969,"2022-04-24 01:06:24.063,851,946,9 UTC",59693.04611185014,191.0,1.1,0.519
136568,17854328,"2022-04-25 02:44:57.815,961,735,1 UTC",59694.11455805511,649.7,142.63,0.005
136588,56014830,"2022-05-01 22:50:58.635,440,137,3 UTC",59700.952067539816,139.5,1.91,0.423
136615,14688828,"2022-05-09 18:19:04.116,187,531,0 UTC",59708.7632420855,185.6,1.35,0.479
136627,61640402,"2022-05-13 23:23:12.606,408,102,4 UTC",59712.97445146306,221.3,0.78,0.583
136662,35405932,"2022-05-24 07:41:32.185,352,495,1 UTC",59723.32051140454,125.0,2.57,0.352
136766,7637140,"2022-06-24 16:13:16.405,259,410,9 UTC",59754.67588432013,200.3,0.17,0.631
136775,22443736,"2022-06-27 17:51:54.275,870,508,4 UTC",59757.74437819295,136.0,3.16,0.332
136783,66879340,"2022-06-29 23:51:31.692,950,068,6 UTC",59759.99411681655,139.1,3.0,0.34
136973,28816141,"2022-08-22 20:26:30.030,017,816,7 UTC",59813.85173645854,122.1,1.82,0.402
137019,70165712,"2022-09-07 06:46:47.515,983,693,2 UTC",59829.28249439796,137.7,0.39,0.478
137065,22012496,"2022-09-18 12:46:05.322,758,760,8 UTC",59840.532006050445,174.8,1.58,0.443
137096,70551815,"2022-09-28 12:32:38.300,221,768,1 UTC",59850.522665511824,155.9,1.74,0.407
137217,75180896,"2022-11-04 06:10:08.180,770,112,4 UTC",59887.25703912928,112.1,2.41,0.335
137296,24212476,"2022-11-24 15:46:02.269,293,460,9 UTC",59907.65697070942,154.0,2.43,0.369
137350,7930341,"2022-12-10 08:35:11.239,203,605,2 UTC",59923.357768972266,171.0,0.91,0.528
137390,43495485,"2022-12-16 06:00:14.017,752,066,5 UTC",59929.250162242504,161.6,1.46,0.436
137467,64735045,"2022-12-23 07:43:00.522,906,459,0 UTC",59936.321533829934,373.0,0.24,0.811
137469,77414913,"2022-12-24 00:55:09.290,918,213,8 UTC",59937.03830197822,120.0,3.47,0.312
137487,35344578,"2022-12-29 07:25:27.884,369,430,5 UTC",59942.30935051353,221.3,0.85,0.574
137537,52990531,"2023-01-12 06:44:50.603,724,448,8 UTC",59956.28114124681,114.8,3.71,0.301
137571,16496893,"2023-01-22 03:50:02.000,612,862,0 UTC",59966.15974537747,111.1,3.28,0.29
137603,30799022,"2023-02-01 06:20:54.421,489,830,3 UTC",59976.264518767246,130.5,1.87,0.365
137661,22129736,"2023-02-17 20:49:43.375,551,630,8 UTC",59992.86786314296,31.2,26.27,0.08
137668,51133257,"2023-02-20 07:39:10.837,370,548,4 UTC",59995.31887543253,158.3,2.16,0.383
137711,79205800,"2023-03-06 10:59:30.413,953,322,2 UTC",60009.457990902236,182.5,0.63,0.584
137794,38132005,"2023-04-01 16:14:18.906,662,821,4 UTC",60035.67660771601,114.3,3.81,0.292
137806,8756840,"2023-04-05 13:20:20.045,502,800,2 UTC",60039.55578756369,114.0,2.62,0.317
137840,57034692,"2023-04-16 05:22:26.150,574,719,2 UTC",60050.2239137798,137.3,2.31,0.359
137910,29871391,"2023-05-06 15:53:45.937,719,854,0 UTC",60070.66233724213,224.9,0.74,0.666
137932,1791376,"2023-05-11 18:03:50.104,434,205,2 UTC",60075.75266324577,184.3,0.4,0.587
137971,11526243,"2023-05-24 11:09:36.248,723,068,7 UTC",60088.46500287874,112.9,3.94,0.284
138005,24780443,"2023-06-03 05:00:47.130,120,596,8 UTC",60098.20887882084,154.8,1.12,0.475
138125,11333473,"2023-07-07 16:58:50.035,539,772,5 UTC",60132.70752355949,301.2,0.39,0.684
138125,29513102,"2023-07-07 18:56:51.435,389,424,7 UTC",60132.789484205896,160.2,1.2,0.488
138131,35302784,"2023-07-08 08:17:05.211,280,638,0 UTC",60133.34519920464,221.9,0.85,0.58
138181,66037171,"2023-07-24 01:49:13.381,298,583,2 UTC",60149.07584932059,198.8,1.02,0.549
138193,21103478,"2023-07-25 21:30:51.063,687,415,8 UTC",60150.89642434823,154.7,1.56,0.416
138198,44334860,"2023-07-27 16:05:39.630,288,916,5 UTC",60152.67059757279,118.1,3.15,0.312
138354,45413430,"2023-09-14 05:21:03.717,216,169,3 UTC",60201.22295969,174.2,0.81,0.561
138415,56188508,"2023-10-04 14:39:41.180,329,723,7 UTC",60221.610893290854,464.8,0.42,0.85
138449,20481611,"2023-10-14 22:00:06.269,328,625,0 UTC",60231.91673922834,115.4,3.67,0.302
138487,60138479,"2023-10-27 04:16:10.447,625,057,2 UTC",60244.17789869937,198.8,0.15,0.642
138515,8773328,"2023-11-03 09:17:35.299,474,361,6 UTC",60251.387214114286,187.2,0.15,0.614
138599,39138591,"2023-11-25 22:34:56.645,394,911,3 UTC",60273.940933395774,199.0,0.15,0.645
138632,31747601,"2023-12-02 17:08:24.093,230,219,9 UTC",60280.71416774572,108.2,4.4,0.271
138669,4054005,"2023-12-11 00:47:31.792,227,083,7 UTC",60289.03300685448,106.3,3.3,0.277
138821,46175426,"2024-01-05 12:27:42.573,790,019,0 UTC",60314.5192427522,109.5,2.64,0.301
138890,34080563,"2024-01-23 11:25:36.052,987,897,7 UTC",60332.4761117244,110.5,4.15,0.267
138938,62272876,"2024-02-04 09:09:00.440,903,016,8 UTC",60344.38125510304,155.9,1.61,0.414
139071,47725621,"2024-02-29 15:48:21.516,454,691,5 UTC",60369.65858236638,163.2,1.34,0.477
139100,34742349,"2024-03-07 07:44:57.380,762,568,6 UTC",60376.322886351416,191.9,0.23,0.606
139204,39158985,"2024-03-27 11:04:49.927,732,967,1 UTC",60396.461688978394,199.7,1.03,0.539
139205,9784024,"2024-03-27 16:12:30.472,622,495,6 UTC",60396.67535269239,152.7,2.42,0.371
139279,10803235,"2024-04-12 05:33:46.899,906,295,3 UTC",60412.23179282299,121.3,3.41,0.309
139303,27647445,"2024-04-19 23:25:41.045,413,891,1 UTC",60419.97616950711,120.8,3.43,0.315
139315,50057906,"2024-04-24 01:49:26.001,327,738,4 UTC",60424.075995385734,192.4,1.22,0.508
139674,30853199,"2024-07-21 16:17:25.765,257,454,4 UTC",60512.67877043122,147.0,1.38,0.454
139685,1723093,"2024-07-25 05:11:37.935,756,999,1 UTC",60516.216411293484,105.1,0.9,0.387
139735,13003768,"2024-08-08 06:32:39.253,674,676,2 UTC",60530.27267654716,126.8,1.18,0.445
139912,46959751,"2024-09-29 09:55:54.033,758,979,0 UTC",60582.41381983517,267.8,0.76,0.712
139939,8268246,"2024-10-06 22:38:14.304,220,235,2 UTC",60589.94322111366,133.3,2.56,0.347
140078,30891383,"2024-11-13 00:22:20.682,426,622,3 UTC",60627.01551715771,105.5,3.87,0.263
140125,41215060,"2024-11-27 14:11:14.424,184,172,7 UTC",60641.5911391688,187.7,1.28,0.491
140284,303893,"2024-12-24 07:10:04.350,392,520,8 UTC",60668.298661462875,114.3,3.82,0.292
140312,53817657,"2025-01-01 21:04:57.733,097,077,1 UTC",60676.87844598492,161.5,1.92,0.406
140314,61338661,"2025-01-02 13:48:01.925,113,654,1 UTC",60677.57502228141,107.0,4.2,0.259
